#Index	Reference	Alt	Identifier	Ref_count	Alt_count
10170	GATTTGAGAAAATGGATGGATAGTGGTATCATTTGTTGAGATAGGAAGTGCTTGAAAAGGACTATTTTTAAATGTGTGTTTGCGTGTGGAAGGAAGGGCATGGAAGGTTATGAGTTCAGTGTTGGACATGCAGAGTTTGAAGTACATTTGCGACAACTAAGTAGGCAGATGGCTATATAAACAGCTTTGGAACCTGCATGAGAGCTTTTGGCTGGATATATAAATTTATGAATTATATACATAAGGGTAGCAAAGTCATGGTTATGATTTTACATAGGGTGTAATGATTTTATGTTGGGAA	GATTTGAGAAAATGGATGGATAGTGGTATCATTTGTTGAGATAGGAAGTGCTTGAAAAGGACTATTTTTAAATGTGTGTTTGCGTGTGGAAGGAAGGGCATGGAAGGTTATGAGTTCAGTGTTGGACATGCAGAGTTTGAAGTACATTTGTGACAACTAAGTAGGCAGATGGCTATATAAACAGCTTTGGAACCTGCATGAGAGCTTTTGGCTGGATATATAAATTTATGAATTATATACATAAGGGTAGCAAAGTCATGGTTATGATTTTACATAGGGTGTAATGATTTTATGTTGGGAA	X	25264576	C	T	rs6628065_S-3APBO	cytoscan	0	91
19457	TTATTAAATCAGTATTTCATGTTTATATTAGTATGCCTAGTAAACAGGAAGATTTGCAGCTGAGCAAATAATATTTCCGTGTACTACTTTTTACTCTTCCTGGTTTTAATTAGTTTTCTATGTACTTTTCACTAATTCTGCTTCCAAATTTTGTACATAATAATCAATATAGTCAATGAGGAAAAATCTATTAGTTGTATTTTTTTTTCTGTTGCACTGTCCTTTCTGAAATCCCATCTTCCTGACTCAGGCTGGATGGATTGGCTTGTCAGGCCCACTGCATAGTCTACATCTCAGGACT	TTATTAAATCAGTATTTCATGTTTATATTAGTATGCCTAGTAAACAGGAAGATTTGCAGCTGAGCAAATAATATTTCCGTGTACTACTTTTTACTCTTCCTGGTTTTAATTAGTTTTCTATGTACTTTTCACTAATTCTGCTTCCAAATTCTGTACATAATAATCAATATAGTCAATGAGGAAAAATCTATTAGTTGTATTTTTTTTTCTGTTGCACTGTCCTTTCTGAAATCCCATCTTCCTGACTCAGGCTGGATGGATTGGCTTGTCAGGCCCACTGCATAGTCTACATCTCAGGACT	X	25316880	T	C	rs7054769_S-3BCVC	cytoscan	0	100
12544	ATGATCAGGTCAAGGTATACCTCAAACCATTCCTTTCCCTCTCTGCACACACCTTTCCCTGTCATTGTCACATTTGCCTTAAGGCAATCATCCTCATTAAAACACTAATGTCCTTGGGATTGGTCTCTCTCTACCCATCTGAGCTTCACTGTGATGTGGGGTAGGGGAGTGGGATGGGACATTCAGAGCACCAGGCTCTGAGGGCACAGTGGCTGTAGGAAAGCATTTGAGAACAGGAGTGGGATATGGAAGCAGATTCCAGTTGGTGCTTGCCTCCCTCAAAGTGTGCTCAGGACTGTCA	ATGATCAGGTCAAGGTATACCTCAAACCATTCCTTTCCCTCTCTGCACACACCTTTCCCTGTCATTGTCACATTTGCCTTAAGGCAATCATCCTCATTAAAACACTAATGTCCTTGGGATTGGTCTCTCTCTACCCATCTGAGCTTCACTATGATGTGGGGTAGGGGAGTGGGATGGGACATTCAGAGCACCAGGCTCTGAGGGCACAGTGGCTGTAGGAAAGCATTTGAGAACAGGAGTGGGATATGGAAGCAGATTCCAGTTGGTGCTTGCCTCCCTCAAAGTGTGCTCAGGACTGTCA	X	25191848	G	A	rs1481162_S-3CDNY	cytoscan	0	100
17965	TACTTTTGTAAGGCTTTAGTGAGTTTTTGGTGATACAGTAAAATTTTGTAAACAATAACCGTTAATTTGACAATTTATGTTTTGAAGACTAAACCTTTTCAACATCTATTAAAACACCTATTCAAAAATACTTACACAAGAAGCCTATTTCGGTCACAAAGAATCTTGATTTTATTCTCTGATAGCAACTTATCTCCTTGTTATGTTTTCCTGTAGGCCATGGGAAAATTACATAAATTACAGATTTGTTTACCCTAAGTAACCAACACAGACCAGGTGTATCCTGCCAAAAGCATTCCAC	TACTTTTGTAAGGCTTTAGTGAGTTTTTGGTGATACAGTAAAATTTTGTAAACAATAACCGTTAATTTGACAATTTATGTTTTGAAGACTAAACCTTTTCAACATCTATTAAAACACCTATTCAAAAATACTTACACAAGAAGCCTATTTTGGTCACAAAGAATCTTGATTTTATTCTCTGATAGCAACTTATCTCCTTGTTATGTTTTCCTGTAGGCCATGGGAAAATTACATAAATTACAGATTTGTTTACCCTAAGTAACCAACACAGACCAGGTGTATCCTGCCAAAAGCATTCCAC	X	25658478	C	T	rs5944114_S-3CLOM	cytoscan	0	100
20007	TTCATCATTCCTTATCATTCCTTCTTGATTGGGAGAACTGGCTCGTTTCATTGCTAAAAATTCCCAGAGATTAAAATGCTGTCTCTTTTTTGCTTAGGCTCTTATCTGAAAACATTTTCTTGAAGTTTTGATAGTTGCACAAAAACCAGCAGTATAGTAGAAAGAACATAAGCTTTGGAGGGAGATAACTAGCTTTGAATCCCTGAGCAAGTTACATGCATTCTTTGTGTCCACTTCCACATACATAAAACGTATACAATGATAGTACCTATTTGGTGAGGCTGTGGTAAGGGTTAAATGA	TTCATCATTCCTTATCATTCCTTCTTGATTGGGAGAACTGGCTCGTTTCATTGCTAAAAATTCCCAGAGATTAAAATGCTGTCTCTTTTTTGCTTAGGCTCTTATCTGAAAACATTTTCTTGAAGTTTTGATAGTTGCACAAAAACCAGCCGTATAGTAGAAAGAACATAAGCTTTGGAGGGAGATAACTAGCTTTGAATCCCTGAGCAAGTTACATGCATTCTTTGTGTCCACTTCCACATACATAAAACGTATACAATGATAGTACCTATTTGGTGAGGCTGTGGTAAGGGTTAAATGA	X	25458023	A	C	rs6630033_S-3COPC	cytoscan	0	100
22017	TGAAGAGTGAATCTGGAGGAGCAATAACCTGTGATAACAAGTGATAACTAACGCAAACATCCTACCATTCTTATACTTGTTTTGTATTTCTCAAGCTTCTAGCACATTGTAAAGCTGACTGACAATTAGTAGAACCAAAATGGCAGAACCATAAACACCAAACGTTGCACATAGCTGCTACAGTCACTCTCCAAAGAAAATCTTCATGGATTTTTCCACATACATTTCCCTGAATGTTACTTTAATTATTCATCAAAATATTTGGTTGCAGGTAACCAAATATAGAATCATCATTAGAAAT	TGAAGAGTGAATCTGGAGGAGCAATAACCTGTGATAACAAGTGATAACTAACGCAAACATCCTACCATTCTTATACTTGTTTTGTATTTCTCAAGCTTCTAGCACATTGTAAAGCTGACTGACAATTAGTAGAACCAAAATGGCAGAACCGTAAACACCAAACGTTGCACATAGCTGCTACAGTCACTCTCCAAAGAAAATCTTCATGGATTTTTCCACATACATTTCCCTGAATGTTACTTTAATTATTCATCAAAATATTTGGTTGCAGGTAACCAAATATAGAATCATCATTAGAAAT	X	25511131	A	G	rs17332933_S-3CROL	cytoscan	0	100
2578	TAGAGCTGTGTACCCATTGTTGAAATTTCATATCTATTCATCACTTTTATTTATGCTTCACTGTGATGTTCTGTAAATACTAACTTTCTCTTTGCATCTCTTGGTACACGTCTATGTTGCAGTTTTGGCACACTGACATATTCCTTATTTGCCTGGAACAGTGGTTTTCAATGCTGGCTGCACATTAAAATCACCTGGGGAGCTTTTAAGTATATCAATTTCATCAGTTAAGTCAAAGGCCCTGGGATTGGGGCTCAGGCATTGGCAGGTTGCAAAAACTCTCCAGGTGATTCTAATGTGT	TAGAGCTGTGTACCCATTGTTGAAATTTCATATCTATTCATCACTTTTATTTATGCTTCACTGTGATGTTCTGTAAATACTAACTTTCTCTTTGCATCTCTTGGTACACGTCTATGTTGCAGTTTTGGCACACTGACATATTCCTTATTTTCCTGGAACAGTGGTTTTCAATGCTGGCTGCACATTAAAATCACCTGGGGAGCTTTTAAGTATATCAATTTCATCAGTTAAGTCAAAGGCCCTGGGATTGGGGCTCAGGCATTGGCAGGTTGCAAAAACTCTCCAGGTGATTCTAATGTGT	X	25539269	G	T	rs6526475_S-3CZTN	cytoscan	0	100
1112	TGATTTCTACTTTTTGGAGGCACTCATGTTTAACTCAACATTTTTATCTGTTGCTTCTGCTATTTACTTCAAAATTCCTGTTACATCCTGATTTTTCAACTTTAAGCATTCTCTATTAACTTTGTTTCATGGTAAATGAGGATTTAGATACCTTTCATTACCACCTTGCCTCTTCTCTTCCCAATATACACATGTACGCCTATCCATCTTCCCAATATAATTATATTGTGATTTATTTTTATTAAATCAGTATTTCATGTTTATATTAGTATGCCTAGTAAACAGGAAGATTTGCAGCTGA	TGATTTCTACTTTTTGGAGGCACTCATGTTTAACTCAACATTTTTATCTGTTGCTTCTGCTATTTACTTCAAAATTCCTGTTACATCCTGATTTTTCAACTTTAAGCATTCTCTATTAACTTTGTTTCATGGTAAATGAGGATTTAGATATCTTTCATTACCACCTTGCCTCTTCTCTTCCCAATATACACATGTACGCCTATCCATCTTCCCAATATAATTATATTGTGATTTATTTTTATTAAATCAGTATTTCATGTTTATATTAGTATGCCTAGTAAACAGGAAGATTTGCAGCTGA	X	25316642	C	T	rs7053348_S-3EIOS	cytoscan	0	100
2708	TGAAGTGAGTTTTCCTGGGCTCTCATCCTCTCTCCCCAAACCCGTTTGATAGTATATATTACTGGGCTGATTTTTTTCCCCCTTGAATTGCATTGGCTCATGAGCTCTGGGGGGGCTGTGATATGTCATCTCTATCATTATTTTCAGCTCTGAGATGACTGGTGATTAGAAAGCTGACCAGGCAGGAGATATGGTGTTGGAGGCCACGAGGCAATGACCCCTGGGTAGTTCTGACTATCAAACTGCCCTTACTGTGTAATAGTAAATGTTCTCCCTGTGTTTCTAGCAAAATCAATCACAT	TGAAGTGAGTTTTCCTGGGCTCTCATCCTCTCTCCCCAAACCCGTTTGATAGTATATATTACTGGGCTGATTTTTTTCCCCCTTGAATTGCATTGGCTCATGAGCTCTGGGGGGGCTGTGATATGTCATCTCTATCATTATTTTCAGCTCCGAGATGACTGGTGATTAGAAAGCTGACCAGGCAGGAGATATGGTGTTGGAGGCCACGAGGCAATGACCCCTGGGTAGTTCTGACTATCAAACTGCCCTTACTGTGTAATAGTAAATGTTCTCCCTGTGTTTCTAGCAAAATCAATCACAT	X	25288736	T	C	rs16983398_S-3EKYD	cytoscan	0	100
21438	TTTTTTAAATTTTGAATTTTGCTGACGGAAGTTCAAATGTTATTCAGTGTGTGAGGTTCTTCACATCAAAACAAATATCTTTTCCCTGTCTGATGAATTCGAAAGTTCCTGTCACGTTTCTATCCACAGGTTAAGTGTATCTTAGCAGACTTGGCTACTGTTCCACTGTGATTGAGTTATGAAGCATGTACAGCTAGCAAGGTTTCTGTAGGTAAAACTAGGGAGTAACAGTATCTACTACTGACCACTCCCTCTTCCCCAGGGAATTAAGGTGGCCTGAAGCGTTTAATTATAAAAGAAA	TTTTTTAAATTTTGAATTTTGCTGACGGAAGTTCAAATGTTATTCAGTGTGTGAGGTTCTTCACATCAAAACAAATATCTTTTCCCTGTCTGATGAATTCGAAAGTTCCTGTCACGTTTCTATCCACAGGTTAAGTGTATCTTAGCAGACCTGGCTACTGTTCCACTGTGATTGAGTTATGAAGCATGTACAGCTAGCAAGGTTTCTGTAGGTAAAACTAGGGAGTAACAGTATCTACTACTGACCACTCCCTCTTCCCCAGGGAATTAAGGTGGCCTGAAGCGTTTAATTATAAAAGAAA	X	25314722	T	C	rs1904925_S-3FMRK	cytoscan	0	100
9398	GCTTCAGTCTCAGCACCTGCCAAACAGGGATAACAACAACCTCTTAATGCTAGTGGGAAAGTTAGATGGGATAAGTTTTTATATAGCACGTAGAACACTTCCTGGCACAAAAAGTAGCTCTTTTCTAAGTGCTGGGTATTACAGCTAGTCCCCTCGCTTTATGTTCCTCGTTAGACTTGAGGCTCAACTAAGGCATTCAGGAACCGAAACACCCAATCAAAACATAAGCTCTTACTCAGACGAGTGGTTAGTGCGCAAAATATAAAGAAATCCCAGGTGTAACATATATAACATAAATATA	GCTTCAGTCTCAGCACCTGCCAAACAGGGATAACAACAACCTCTTAATGCTAGTGGGAAAGTTAGATGGGATAAGTTTTTATATAGCACGTAGAACACTTCCTGGCACAAAAAGTAGCTCTTTTCTAAGTGCTGGGTATTACAGCTAGTCTCCTCGCTTTATGTTCCTCGTTAGACTTGAGGCTCAACTAAGGCATTCAGGAACCGAAACACCCAATCAAAACATAAGCTCTTACTCAGACGAGTGGTTAGTGCGCAAAATATAAAGAAATCCCAGGTGTAACATATATAACATAAATATA	X	25197220	C	T	rs112089721_S-3GFVI	cytoscan	0	100
11952	TGGAAAATTCTCCCTCTCTTGCTTTATTATCTTGCCCTTGCTCTCTTTTGGGAACATTTTTGGGAACATGAGGCCATAGACAAAGCACCCTCATTAATCTGTTAGCATAACAGCAGGCCAGGGAGTAGCCTGGCAAACACATGTAAATGGGAAACATAAATTCCACACTCAGTCAAGTTTGGAGGTTATCATCTTTCATTCATCCAGAGACCTTCCCGAGCCCGTCCTAGCTAAAGACCTAATGCTGGCTAATTCCTGCCATCCTCAAAGGGGCTTTTATTTGTTCCTTAGTGGATAAAAT	TGGAAAATTCTCCCTCTCTTGCTTTATTATCTTGCCCTTGCTCTCTTTTGGGAACATTTTTGGGAACATGAGGCCATAGACAAAGCACCCTCATTAATCTGTTAGCATAACAGCAGGCCAGGGAGTAGCCTGGCAAACACATGTAAATGGAAAACATAAATTCCACACTCAGTCAAGTTTGGAGGTTATCATCTTTCATTCATCCAGAGACCTTCCCGAGCCCGTCCTAGCTAAAGACCTAATGCTGGCTAATTCCTGCCATCCTCAAAGGGGCTTTTATTTGTTCCTTAGTGGATAAAAT	X	25196883	G	A	rs4898310_S-3GJPQ	cytoscan	0	100
12645	CAGATTGCGTGGGTTCAAAACCCACCTCCACCAATAATTTAGCCACATGTAAAATATGGCTACCTCCTACAGTTGCGAAAATTAAATGAGTCAACTCATAATATGTGGGTAATAATAATTATTAGTCATTGTTGTCATTCATGTCATCATTATTCGTTCATTATCTTTCTCATTCACTGTGTAATTTAAATATTCAAATATTTATATTTCTATGAATTATTTTCTATGTTTCTTCAATTTGAAAATTAACTGACCTCACTGTTGTCAGTGGTCACCAAATTGATGGGATATTGATGTCCAT	CAGATTGCGTGGGTTCAAAACCCACCTCCACCAATAATTTAGCCACATGTAAAATATGGCTACCTCCTACAGTTGCGAAAATTAAATGAGTCAACTCATAATATGTGGGTAATAATAATTATTAGTCATTGTTGTCATTCATGTCATCATCATTCGTTCATTATCTTTCTCATTCACTGTGTAATTTAAATATTCAAATATTTATATTTCTATGAATTATTTTCTATGTTTCTTCAATTTGAAAATTAACTGACCTCACTGTTGTCAGTGGTCACCAAATTGATGGGATATTGATGTCCAT	X	25659274	T	C	rs35075688_S-3GKQH	cytoscan	0	100
19722	GTAAGACCTGATACTCCACCTGCCCTATCTCCATTTCCTGCTCTGGCATCTGCCCCTTGGCTACTCTTGGGCGTTTTTATTGAGACAACATGCTTATAGATTCCAAAATACTTGGAGGTTCTCTCAGCCTCTTTAAGGAATGCTTGCTTAAGCTTTTTGGAAAACTTAAATTTCCAGTGATGAATCTGGTGACCATCATTGTTGTCATTGTCATCTATTAGATATAGCATTCTGAGGTTCTGGGACAAGGCATTATTGCTTGTTCCTACTTGTCATCTGTGTGGTGTGAACCTGCTCAATC	GTAAGACCTGATACTCCACCTGCCCTATCTCCATTTCCTGCTCTGGCATCTGCCCCTTGGCTACTCTTGGGCGTTTTTATTGAGACAACATGCTTATAGATTCCAAAATACTTGGAGGTTCTCTCAGCCTCTTTAAGGAATGCTTGCTTACGCTTTTTGGAAAACTTAAATTTCCAGTGATGAATCTGGTGACCATCATTGTTGTCATTGTCATCTATTAGATATAGCATTCTGAGGTTCTGGGACAAGGCATTATTGCTTGTTCCTACTTGTCATCTGTGTGGTGTGAACCTGCTCAATC	X	25211673	A	C	rs57783324_S-3GVCS	cytoscan	0	100
19742	CAGCCCCCACTTCACCTGCTTTTTAGCCCTGGCTGTGGGAGTGCTCCCAGCTCAGCAGCAGCAACCGGAGTTTCCTTCACACCTCAGACGCTGTGCTTCTGGGTCCCAGGATAGCATGCAGTCTGTTAAAGGCAAAGGTTGAAAATGCACCTTGCTGTAGCTGCTTATGTCTCAGAAAGTGTGTGGGACCCAGCACGATCTTCTTCCTTGACGCAATTCTGCCCCATGGTCTCCTGGAAGCTTCCTATGTTAGCTTCAATTGAGAAGGTCACAGGGCTCTCTAGTGGCCAGAACTGCGTAA	CAGCCCCCACTTCACCTGCTTTTTAGCCCTGGCTGTGGGAGTGCTCCCAGCTCAGCAGCAGCAACCGGAGTTTCCTTCACACCTCAGACGCTGTGCTTCTGGGTCCCAGGATAGCATGCAGTCTGTTAAAGGCAAAGGTTGAAAATGCACGTTGCTGTAGCTGCTTATGTCTCAGAAAGTGTGTGGGACCCAGCACGATCTTCTTCCTTGACGCAATTCTGCCCCATGGTCTCCTGGAAGCTTCCTATGTTAGCTTCAATTGAGAAGGTCACAGGGCTCTCTAGTGGCCAGAACTGCGTAA	X	25608945	C	G	rs5986250_S-3GVDM	cytoscan	0	100
598	GCACCCAGCCTACACATGGTCTTTTTATGTGGCTTTGACTTCTCACACCATGGTGGTTGGATTTCCACAGACAGTGTCCCAAGGGTGAGCATTCCAAGAGACAAGAAGCAGAAGCTACCAGACTTGTAATGCCTGGGTCAAGAAATTGGCACAATGTCACTTCTAATGTATTCTGCTGGTCAAAGCAGTCACAGACCATTCCAAGATTCCATGAGGAGGGGACATAGAAACTCCCCCACCATGAAAGATGTAGCAAAGAATTTCGGCCATCTTTTATGTACACATATGTGGGTAATTTTTT	GCACCCAGCCTACACATGGTCTTTTTATGTGGCTTTGACTTCTCACACCATGGTGGTTGGATTTCCACAGACAGTGTCCCAAGGGTGAGCATTCCAAGAGACAAGAAGCAGAAGCTACCAGACTTGTAATGCCTGGGTCAAGAAATTGGCGCAATGTCACTTCTAATGTATTCTGCTGGTCAAAGCAGTCACAGACCATTCCAAGATTCCATGAGGAGGGGACATAGAAACTCCCCCACCATGAAAGATGTAGCAAAGAATTTCGGCCATCTTTTATGTACACATATGTGGGTAATTTTTT	X	25142235	A	G	rs56230776_S-3HDUA	cytoscan	0	100
3062	GAACCAGGGTGGTGTACACAGGTGTAGGTACTATCTCTGATACAGCACAGATACTGACCCAAAGAAAGCTAGTACCCAGGTCACAGCTGCAGAGACACATTTAAGAAGGACTTCACAATGCCATTACACCAGGTATAAGGTGGCATTGGCATTCAACTCCCTGTCAAGAGGATGATCAAGAGGATGATCCTCATCTGGATAACAGGGCTAATAGGGTTGTGCCAACCTACTCCATACATGAGTGCTGAGAGGATCCAATGATGCAACATAGTCTTTATTTCTTTGTGGAGTAAAGTCAGAA	GAACCAGGGTGGTGTACACAGGTGTAGGTACTATCTCTGATACAGCACAGATACTGACCCAAAGAAAGCTAGTACCCAGGTCACAGCTGCAGAGACACATTTAAGAAGGACTTCACAATGCCATTACACCAGGTATAAGGTGGCATTGGCGTTCAACTCCCTGTCAAGAGGATGATCAAGAGGATGATCCTCATCTGGATAACAGGGCTAATAGGGTTGTGCCAACCTACTCCATACATGAGTGCTGAGAGGATCCAATGATGCAACATAGTCTTTATTTCTTTGTGGAGTAAAGTCAGAA	X	25514892	A	G	rs4523435_S-3HHKV	cytoscan	0	100
12477	AAATTGAATCACTCTGTACTTCCTTTTGCTAGTGTTTTTGGATTCTACATGAAATCCTCTCAATGTTTCTTTCTGTTAACCTCATATTGTGAATCTATGTGTGTGAGGTCTATCGCCCAAGGCTTCAATGAAAGCATCAGTGTGACTGCTGCTTCTTTGCAGGCCTGGTTTTCTCTCTCCTGACTTCCTATTAGAGACTTTACCATCAAGTTCAAGTTGCTTTTCTTCTACATATATTTTCTTTTCAGTCATCCTATTCATTATTCCTTTATTATTCTTTTCAAGAACACTAGAAAGAACT	AAATTGAATCACTCTGTACTTCCTTTTGCTAGTGTTTTTGGATTCTACATGAAATCCTCTCAATGTTTCTTTCTGTTAACCTCATATTGTGAATCTATGTGTGTGAGGTCTATCGCCCAAGGCTTCAATGAAAGCATCAGTGTGACTGCTTCTTCTTTGCAGGCCTGGTTTTCTCTCTCCTGACTTCCTATTAGAGACTTTACCATCAAGTTCAAGTTGCTTTTCTTCTACATATATTTTCTTTTCAGTCATCCTATTCATTATTCCTTTATTATTCTTTTCAAGAACACTAGAAAGAACT	X	25632395	G	T	rs5944109_S-3HVJE	cytoscan	0	100
14237	ACATTGAAGTGCTAGCTGTGGGGATTCAAAGGAGAGTAAGACAAAATCACTCCTTAAAAGAGTCCAGTGGACAAGACAACCAAATGAGTGATTGCAACAATGCAGTAAATGTTCATGAGAACTGTTCAAGCACAGAAGAGGACCTTGCCCAACACTTCCTGAGATAACCTATTAGGAGGCATGCAGGCAACCTTTGAATATCTTGTAAAGTGAAGAGCTTACTGGGTGGACAAGAGGGAAGGGCTAGTCCAACAAGTATCCTTGAGAGAGTCTGTACCATTTAGTACACTCCCTGCCAGCC	ACATTGAAGTGCTAGCTGTGGGGATTCAAAGGAGAGTAAGACAAAATCACTCCTTAAAAGAGTCCAGTGGACAAGACAACCAAATGAGTGATTGCAACAATGCAGTAAATGTTCATGAGAACTGTTCAAGCACAGAAGAGGACCTTGCCCGACACTTCCTGAGATAACCTATTAGGAGGCATGCAGGCAACCTTTGAATATCTTGTAAAGTGAAGAGCTTACTGGGTGGACAAGAGGGAAGGGCTAGTCCAACAAGTATCCTTGAGAGAGTCTGTACCATTTAGTACACTCCCTGCCAGCC	X	25201919	A	G	rs16983343_S-3HXYY	cytoscan	0	100
16225	GTCTGTCTGAAGACCTTTTTCTTTAGCTTTCTGTGGGAGAGACCCTAAGTTGAAAGCATTACAGAGACTTCTCACTTAATGACTATAATTAATATTACATGTGCTATGACCCATTAGGGATGCAGAGAATGACCTGAGTTGAAGTTGCTGGCCATTCTGATATACCGATTAAATATGAAAACAGTACAATATGTTAATGATATAATGCCCTTTACTTCTCTTACACTGCTAATAAAACTATTGCCATCTCCTTCATTCCTTCCTAGGTCATCTAGCCATTCATTTTTAATATGATGAAATA	GTCTGTCTGAAGACCTTTTTCTTTAGCTTTCTGTGGGAGAGACCCTAAGTTGAAAGCATTACAGAGACTTCTCACTTAATGACTATAATTAATATTACATGTGCTATGACCCATTAGGGATGCAGAGAATGACCTGAGTTGAAGTTGCTGCCCATTCTGATATACCGATTAAATATGAAAACAGTACAATATGTTAATGATATAATGCCCTTTACTTCTCTTACACTGCTAATAAAACTATTGCCATCTCCTTCATTCCTTCCTAGGTCATCTAGCCATTCATTTTTAATATGATGAAATA	X	25492418	G	C	rs4898215_S-3IAXK	cytoscan	0	100
